<dataset>
	<table name="user_group">
		<row role="admin" description="Super User"/>
		<row role="orgadmin" description="Organisation Level Admin"/>
		<row role="faculty" description="Faculty User"/>
		<row role="user" description="Normal User"/>
	</table>
	
	<table name="organisation">
		<row id="1" name="ADMIN" details="Baadal Admin"/>
		<row id="2" name="IITD" details="Indian Institute of Technology"/>
	</table>
	
	<table name="constants">
		<row name="baadal_status" value="up"/>
		<row name="vmfiles_path" value="/mnt/datastore"/>
		<row name="extra_disks_dir" value="vm_extra_disks"/>
		<row name="templates_dir" value="vm_templates"/>
		<row name="archives_dir" value="vm_deleted"/>
        <row name="vm_migration_data" value="vm_migration_data"/>
		<row name="vncport_start_range" value="20000"/>
		<row name="vncport_end_range" value="50000"/>
		<row name="vm_rrds_dir" value="vm_rrds"/>
		<row name="graph_file_dir" value="/images/vm_graphs/"/>
		<row name="admin_email" value="baadalsupport@cse.iitd.ernet.in"/>
		<row name="vms" value="/vm_images"/>
                <row name="memory_overload_file_path" value="/baadal/baadal/baadalinstallation/baadal/private"/>
	</table>

	<table name="vlan">
		<row id="1" name="vlan0" vlan_tag="1" vlan_addr="10.0.0.0" />
		<row id="2" name="vlan1" vlan_tag="1" vlan_addr="10.0.1.0" />
		<row id="3" name="vlan2" vlan_tag="2" vlan_addr="10.0.2.0" />
		<row name="vlan3" vlan_tag="3" vlan_addr="10.0.3.0" />
		<row name="vlan4" vlan_tag="4" vlan_addr="10.0.4.0" />
	</table>

	<table name="security_domain">
		<row id="1" name="Private" vlan="1" visible_to_all="False" />
		<row id="2" name="Infrastructure" vlan="2" visible_to_all="False" />
		<row id="3" name="Research" vlan="3" visible_to_all="True" />
	</table>

	<table name="user">
		<row id="-1" first_name="System" last_name="User" email="System@baadal.tmp" username="system" registration_id="system" organisation_id="1"/>
		<row id="1" first_name="Admin" last_name="User" email="Admin@baadal.tmp" username="admin" password="baadal" organisation_id="1"/>
	</table>

	<table name="user_membership">
		<row user_id="1" group_id="1"/>
		<row user_id="1" group_id="4"/>
	</table>

</dataset>
